region,evi_bin_lo,group,n,mean_lst_c
Beijing,0.0,city,3,26.35
Beijing,0.0,cropland,1,24.35
Beijing,0.02,city,2,25.55
Beijing,0.02,cropland,2,23.75
Beijing,0.04,city,5,25.07
Beijing,0.04,cropland,1,24.95
Beijing,0.06,city,22,25.577
Beijing,0.06,cropland,1,24.35
Beijing,0.08,city,103,25.969
Beijing,0.08,cropland,5,23.99
Beijing,0.1,city,223,25.989
Beijing,0.1,cropland,18,24.05
Beijing,0.12,city,417,26.055
Beijing,0.12,cropland,33,23.986
Beijing,0.12,forest,1,20.15
Beijing,0.14,city,755,26.117
Beijing,0.14,cropland,77,23.992
Beijing,0.14,forest,1,21.35
Beijing,0.16,city,846,25.874
Beijing,0.16,cropland,74,23.831
Beijing,0.18,city,1018,25.703
Beijing,0.18,cropland,155,23.936
Beijing,0.2,city,1226,25.594
Beijing,0.2,cropland,182,23.958
Beijing,0.2,forest,1,20.15
Beijing,0.22,city,816,25.388
Beijing,0.22,cropland,180,23.97
Beijing,0.22,forest,2,20.75
Beijing,0.24,city,1233,25.356
Beijing,0.24,cropland,307,24.004
Beijing,0.24,forest,6,21.25
Beijing,0.26,city,1252,25.192
Beijing,0.26,cropland,366,24.001
Beijing,0.26,forest,11,21.405
Beijing,0.28,city,748,25.139
Beijing,0.28,cropland,275,24.027
Beijing,0.28,forest,18,21.817
Beijing,0.3,city,1058,25.049
Beijing,0.3,cropland,513,24.004
Beijing,0.3,forest,40,21.275
Beijing,0.32,city,1043,24.985
Beijing,0.32,cropland,620,24.009
Beijing,0.32,forest,75,21.334
Beijing,0.34,city,674,24.988
Beijing,0.34,cropland,472,24.07
Beijing,0.34,forest,60,21.25
Beijing,0.36,city,1025,24.901
Beijing,0.36,cropland,826,24.034
Beijing,0.36,forest,114,21.034
Beijing,0.38,city,998,24.815
Beijing,0.38,cropland,923,23.978
Beijing,0.38,forest,156,21.231
Beijing,0.4,city,634,24.76
Beijing,0.4,cropland,677,23.954
Beijing,0.4,forest,114,21.076
Beijing,0.42,city,873,24.745
Beijing,0.42,cropland,1111,23.903
Beijing,0.42,forest,212,21.095
Beijing,0.44,city,851,24.66
Beijing,0.44,cropland,1223,23.843
Beijing,0.44,forest,223,21.156
Beijing,0.46,city,502,24.579
Beijing,0.46,cropland,811,23.78
Beijing,0.46,forest,146,21.202
Beijing,0.48,city,597,24.627
Beijing,0.48,cropland,1229,23.755
Beijing,0.48,forest,194,21.164
Beijing,0.5,city,465,24.604
Beijing,0.5,cropland,1018,23.698
Beijing,0.5,forest,208,21.278
Beijing,0.52,city,297,24.473
Beijing,0.52,cropland,613,23.727
Beijing,0.52,forest,140,21.367
Beijing,0.54,city,342,24.55
Beijing,0.54,cropland,784,23.722
Beijing,0.54,forest,165,21.361
Beijing,0.56,city,232,24.521
Beijing,0.56,cropland,697,23.693
Beijing,0.56,forest,108,21.65
Beijing,0.58,city,178,24.519
Beijing,0.58,cropland,591,23.718
Beijing,0.58,forest,59,21.492
Beijing,0.6,city,80,24.635
Beijing,0.6,cropland,300,23.672
Beijing,0.6,forest,40,21.755
Beijing,0.62,city,62,24.369
Beijing,0.62,cropland,267,23.647
Beijing,0.62,forest,26,21.65
Beijing,0.64,city,91,24.416
Beijing,0.64,cropland,331,23.681
Beijing,0.64,forest,11,21.841
Beijing,0.66,city,13,24.212
Beijing,0.66,cropland,90,23.75
Beijing,0.66,forest,1,21.35
Beijing,0.68,city,8,24.5
Beijing,0.68,cropland,71,23.589
Beijing,0.7,city,21,24.179
Beijing,0.7,cropland,88,23.695
Beijing,0.72,city,4,24.65
Beijing,0.72,cropland,37,23.62
Beijing,0.74,city,5,24.35
Beijing,0.74,cropland,14,23.793
Beijing,0.76,city,5,24.35
Beijing,0.76,cropland,27,23.639
Beijing,0.78,city,1,25.55
Beijing,0.78,cropland,7,23.75
Beijing,0.8,city,2,25.25
Beijing,0.8,cropland,3,23.95
Beijing,0.82,city,1,24.35
Beijing,0.82,cropland,5,23.63
Beijing,0.84,cropland,1,23.15
Beijing,0.86,cropland,2,23.45
Beijing,0.88,city,1,24.35
Beijing,0.88,cropland,1,22.55
Beijing,0.92,cropland,2,24.65
Cairo,0.0,city,8,31.175
Cairo,0.02,city,23,31.811
Cairo,0.04,city,460,32.442
Cairo,0.04,cropland,3,30.75
Cairo,0.06,city,1004,32.858
Cairo,0.06,cropland,18,31.55
Cairo,0.08,city,1065,32.735
Cairo,0.08,cropland,115,31.889
Cairo,0.1,city,563,32.502
Cairo,0.1,cropland,251,31.932
Cairo,0.12,city,382,32.392
Cairo,0.12,cropland,356,32.008
Cairo,0.14,city,390,32.193
Cairo,0.14,cropland,490,31.965
Cairo,0.16,city,275,31.869
Cairo,0.16,cropland,428,31.957
Cairo,0.18,city,269,31.84
Cairo,0.18,cropland,437,31.73
Cairo,0.2,city,245,31.704
Cairo,0.2,cropland,521,31.684
Cairo,0.22,city,165,31.663
Cairo,0.22,cropland,352,31.514
Cairo,0.24,city,212,31.519
Cairo,0.24,cropland,594,31.458
Cairo,0.26,city,227,31.423
Cairo,0.26,cropland,556,31.244
Cairo,0.28,city,117,31.294
Cairo,0.28,cropland,374,31.178
Cairo,0.3,city,181,31.348
Cairo,0.3,cropland,527,30.977
Cairo,0.32,city,140,31.481
Cairo,0.32,cropland,513,30.868
Cairo,0.34,city,63,31.417
Cairo,0.34,cropland,305,30.653
Cairo,0.36,city,63,31.379
Cairo,0.36,cropland,432,30.626
Cairo,0.38,city,52,30.996
Cairo,0.38,cropland,352,30.498
Cairo,0.4,city,26,31.227
Cairo,0.4,cropland,206,30.335
Cairo,0.42,city,42,31.207
Cairo,0.42,cropland,321,30.116
Cairo,0.44,city,25,31.238
Cairo,0.44,cropland,277,30.027
Cairo,0.46,city,8,30.425
Cairo,0.46,cropland,168,29.946
Cairo,0.48,city,15,31.07
Cairo,0.48,cropland,234,29.799
Cairo,0.5,city,5,31.43
Cairo,0.5,cropland,176,29.644
Cairo,0.52,city,2,31.25
Cairo,0.52,cropland,78,29.612
Cairo,0.54,city,4,30.05
Cairo,0.54,cropland,113,29.426
Cairo,0.56,city,1,30.95
Cairo,0.56,cropland,73,29.495
Cairo,0.58,city,2,30.65
Cairo,0.58,cropland,51,29.209
Cairo,0.6,cropland,24,29.225
Cairo,0.62,city,1,31.55
Cairo,0.62,cropland,13,28.965
Cairo,0.64,city,1,31.55
Cairo,0.64,cropland,3,30.35
Cairo,0.68,cropland,3,28.35
Cairo,0.7,cropland,1,28.55
Chicago,0.0,city,2,18.35
Chicago,0.02,city,10,20.27
Chicago,0.04,city,16,21.8
Chicago,0.06,city,21,22.35
Chicago,0.08,city,44,21.964
Chicago,0.1,city,49,23.052
Chicago,0.1,cropland,1,24.35
Chicago,0.12,city,75,22.846
Chicago,0.12,cropland,1,25.55
Chicago,0.14,city,114,22.661
Chicago,0.14,cropland,3,23.75
Chicago,0.16,city,100,22.64
Chicago,0.16,cropland,2,25.25
Chicago,0.18,city,159,22.825
Chicago,0.2,city,181,22.756
Chicago,0.2,cropland,2,24.05
Chicago,0.22,city,163,22.66
Chicago,0.22,cropland,5,22.91
Chicago,0.24,city,205,22.518
Chicago,0.24,cropland,9,23.55
Chicago,0.26,city,233,22.251
Chicago,0.26,cropland,7,23.836
Chicago,0.28,city,149,22.389
Chicago,0.28,cropland,6,23.15
Chicago,0.3,city,215,22.304
Chicago,0.3,cropland,11,24.023
Chicago,0.32,city,164,21.785
Chicago,0.32,cropland,8,23.675
Chicago,0.34,city,98,21.448
Chicago,0.34,cropland,14,22.036
Chicago,0.36,city,148,21.512
Chicago,0.36,cropland,17,23.256
Chicago,0.38,city,131,21.066
Chicago,0.38,cropland,19,21.066
Chicago,0.38,forest,1,22.55
Chicago,0.4,city,69,21.263
Chicago,0.4,cropland,14,23.793
Chicago,0.42,city,78,21.281
Chicago,0.42,cropland,42,22.45
Chicago,0.44,city,65,20.547
Chicago,0.44,cropland,44,22.441
Chicago,0.44,forest,1,18.95
Chicago,0.46,city,42,21.564
Chicago,0.46,cropland,43,22.927
Chicago,0.46,forest,2,19.25
Chicago,0.48,city,42,21.107
Chicago,0.48,cropland,64,22.241
Chicago,0.48,forest,1,18.95
Chicago,0.5,city,39,20.488
Chicago,0.5,cropland,92,22.524
Chicago,0.5,forest,3,19.35
Chicago,0.52,city,26,20.312
Chicago,0.52,cropland,57,22.192
Chicago,0.52,forest,3,18.35
Chicago,0.54,city,29,20.047
Chicago,0.54,cropland,116,22.012
Chicago,0.54,forest,7,18.779
Chicago,0.56,city,20,21.17
Chicago,0.56,cropland,106,22.437
Chicago,0.56,forest,3,20.15
Chicago,0.58,city,17,21.174
Chicago,0.58,cropland,107,22.292
Chicago,0.58,forest,5,18.11
Chicago,0.6,city,5,18.71
Chicago,0.6,cropland,73,22.057
Chicago,0.62,city,4,22.85
Chicago,0.62,cropland,66,22.305
Chicago,0.62,forest,1,22.55
Chicago,0.64,city,5,21.11
Chicago,0.64,cropland,106,22.907
Chicago,0.66,city,3,20.95
Chicago,0.66,cropland,48,23.238
Chicago,0.68,city,5,22.31
Chicago,0.68,cropland,39,23.442
Chicago,0.7,city,1,24.35
Chicago,0.7,cropland,78,23.404
Chicago,0.72,city,2,21.65
Chicago,0.72,cropland,28,23.0
Chicago,0.74,cropland,26,22.896
Chicago,0.76,city,1,22.55
Chicago,0.76,cropland,48,22.55
Chicago,0.76,forest,1,22.55
Chicago,0.78,cropland,24,22.775
Chicago,0.8,cropland,25,23.006
Chicago,0.82,cropland,34,23.662
Chicago,0.84,cropland,15,23.63
Chicago,0.86,cropland,10,23.63
Chicago,0.88,cropland,7,23.236
Chicago,0.9,cropland,1,22.55
Chicago,0.92,cropland,1,24.95
Chicago,0.98,cropland,1,20.15
Córdoba,0.0,cropland,3,16.75
Córdoba,0.02,city,5,14.63
Córdoba,0.02,cropland,1,17.75
Córdoba,0.04,city,11,14.641
Córdoba,0.04,cropland,2,15.95
Córdoba,0.06,city,33,15.786
Córdoba,0.06,cropland,13,17.427
Córdoba,0.08,city,118,16.311
Córdoba,0.08,cropland,99,17.429
Córdoba,0.08,forest,2,13.85
Córdoba,0.1,city,163,16.458
Córdoba,0.1,cropland,1064,17.573
Córdoba,0.1,forest,2,13.85
Córdoba,0.12,city,211,17.022
Córdoba,0.12,cropland,2386,17.548
Córdoba,0.12,forest,2,15.35
Córdoba,0.14,city,266,17.006
Córdoba,0.14,cropland,2794,17.544
Córdoba,0.14,forest,11,15.405
Córdoba,0.16,city,265,16.894
Córdoba,0.16,cropland,2376,17.565
Córdoba,0.16,forest,15,15.67
Córdoba,0.18,city,267,16.851
Córdoba,0.18,cropland,2126,17.495
Córdoba,0.18,forest,40,15.86
Córdoba,0.2,city,257,16.734
Córdoba,0.2,cropland,2223,17.499
Córdoba,0.2,forest,74,15.804
Córdoba,0.22,city,129,16.685
Córdoba,0.22,cropland,1229,17.47
Córdoba,0.22,forest,48,16.463
Córdoba,0.24,city,163,16.605
Córdoba,0.24,cropland,1508,17.464
Córdoba,0.24,forest,85,16.359
Córdoba,0.26,city,126,16.455
Córdoba,0.26,cropland,1051,17.54
Córdoba,0.26,forest,82,16.162
Córdoba,0.28,city,39,16.104
Córdoba,0.28,cropland,516,17.443
Córdoba,0.28,forest,46,16.015
Córdoba,0.3,city,50,16.286
Córdoba,0.3,cropland,683,17.464
Córdoba,0.3,forest,57,16.139
Córdoba,0.32,city,19,16.897
Córdoba,0.32,cropland,557,17.565
Córdoba,0.32,forest,50,16.058
Córdoba,0.34,city,10,16.85
Córdoba,0.34,cropland,315,17.451
Córdoba,0.34,forest,25,16.142
Córdoba,0.36,city,6,16.05
Córdoba,0.36,cropland,400,17.596
Córdoba,0.36,forest,24,15.65
Córdoba,0.38,city,6,16.05
Córdoba,0.38,cropland,375,17.289
Córdoba,0.38,forest,22,16.114
Córdoba,0.4,city,3,16.75
Córdoba,0.4,cropland,219,17.682
Córdoba,0.4,forest,14,16.207
Córdoba,0.42,city,4,17.15
Córdoba,0.42,cropland,296,17.466
Córdoba,0.42,forest,11,15.623
Córdoba,0.44,city,5,16.67
Córdoba,0.44,cropland,282,17.324
Córdoba,0.44,forest,12,15.8
Córdoba,0.46,city,1,18.35
Córdoba,0.46,cropland,164,17.64
Córdoba,0.46,forest,6,16.35
Córdoba,0.48,city,5,16.19
Córdoba,0.48,cropland,272,17.326
Córdoba,0.48,forest,7,16.121
Córdoba,0.5,city,4,16.7
Córdoba,0.5,cropland,215,17.451
Córdoba,0.5,forest,5,16.19
Córdoba,0.52,cropland,156,17.4
Córdoba,0.52,forest,2,16.25
Córdoba,0.54,city,1,15.95
Córdoba,0.54,cropland,191,17.354
Córdoba,0.54,forest,2,16.55
Córdoba,0.56,city,2,16.85
Córdoba,0.56,cropland,182,17.193
Córdoba,0.58,city,1,15.95
Córdoba,0.58,cropland,146,17.261
Córdoba,0.58,forest,1,16.55
Córdoba,0.6,city,2,16.55
Córdoba,0.6,cropland,114,17.292
Córdoba,0.62,cropland,88,17.607
Córdoba,0.64,city,3,17.15
Córdoba,0.64,cropland,149,17.388
Córdoba,0.66,city,1,15.95
Córdoba,0.66,cropland,72,16.808
Córdoba,0.68,cropland,65,17.039
Córdoba,0.7,cropland,107,17.144
Córdoba,0.72,cropland,44,17.177
Córdoba,0.74,cropland,37,17.134
Córdoba,0.76,cropland,66,17.268
Córdoba,0.78,cropland,32,17.113
Córdoba,0.8,cropland,26,17.565
Córdoba,0.82,city,1,15.95
Córdoba,0.82,cropland,51,17.221
Córdoba,0.84,cropland,14,17.407
Córdoba,0.86,cropland,12,16.85
Córdoba,0.88,cropland,17,17.009
Córdoba,0.9,cropland,8,16.625
Córdoba,0.92,cropland,13,17.381
Córdoba,0.94,cropland,7,17.493
Córdoba,0.96,cropland,3,17.95
Córdoba,0.98,cropland,1,15.35
Delhi,0.02,cropland,3,28.95
Delhi,0.04,city,5,30.47
Delhi,0.04,cropland,5,28.79
Delhi,0.06,city,15,30.67
Delhi,0.06,cropland,9,29.217
Delhi,0.08,city,81,30.72
Delhi,0.08,cropland,7,29.407
Delhi,0.1,city,215,30.66
Delhi,0.1,cropland,11,29.968
Delhi,0.12,city,298,30.724
Delhi,0.12,cropland,45,30.257
Delhi,0.14,city,407,30.559
Delhi,0.14,cropland,76,30.318
Delhi,0.16,city,444,30.505
Delhi,0.16,cropland,143,30.279
Delhi,0.18,city,538,30.474
Delhi,0.18,cropland,206,30.233
Delhi,0.2,city,627,30.364
Delhi,0.2,cropland,305,30.067
Delhi,0.22,city,382,30.24
Delhi,0.22,cropland,318,30.114
Delhi,0.24,city,635,30.142
Delhi,0.24,cropland,609,29.891
Delhi,0.26,city,551,30.125
Delhi,0.26,cropland,807,29.92
Delhi,0.28,city,332,30.072
Delhi,0.28,cropland,655,29.818
Delhi,0.3,city,467,29.981
Delhi,0.3,cropland,1093,29.738
Delhi,0.32,city,428,29.948
Delhi,0.32,cropland,1258,29.567
Delhi,0.34,city,261,29.761
Delhi,0.34,cropland,1035,29.478
Delhi,0.36,city,325,29.765
Delhi,0.36,cropland,1748,29.309
Delhi,0.38,city,286,29.677
Delhi,0.38,cropland,1920,29.188
Delhi,0.4,city,182,29.579
Delhi,0.4,cropland,1419,29.05
Delhi,0.42,city,218,29.502
Delhi,0.42,cropland,2350,28.925
Delhi,0.42,forest,4,27.35
Delhi,0.44,city,158,29.347
Delhi,0.44,cropland,2822,28.738
Delhi,0.44,forest,7,27.35
Delhi,0.46,city,103,29.232
Delhi,0.46,cropland,1948,28.636
Delhi,0.46,forest,1,27.35
Delhi,0.48,city,121,29.17
Delhi,0.48,cropland,2843,28.48
Delhi,0.5,city,83,29.092
Delhi,0.5,cropland,2427,28.342
Delhi,0.52,city,34,29.344
Delhi,0.52,cropland,1357,28.232
Delhi,0.54,city,51,29.056
Delhi,0.54,cropland,1423,28.134
Delhi,0.56,city,41,28.813
Delhi,0.56,cropland,934,27.935
Delhi,0.58,city,28,28.679
Delhi,0.58,cropland,530,27.784
Delhi,0.6,city,10,28.91
Delhi,0.6,cropland,236,27.663
Delhi,0.62,city,1,29.15
Delhi,0.62,cropland,138,27.559
Delhi,0.64,city,4,29.3
Delhi,0.64,cropland,113,27.589
Delhi,0.66,cropland,17,27.456
Delhi,0.68,city,1,30.35
Delhi,0.68,cropland,3,28.55
Delhi,0.7,cropland,4,28.1
Delhi,0.72,cropland,1,27.35
Delhi,0.74,city,1,27.95
Delhi,0.74,cropland,1,29.15
Delhi,0.76,cropland,3,28.75
Kano,0.0,cropland,10,27.35
Kano,0.02,cropland,16,27.65
Kano,0.04,cropland,12,27.55
Kano,0.06,city,8,31.1
Kano,0.08,city,71,30.882
Kano,0.08,cropland,10,28.31
Kano,0.1,city,81,30.728
Kano,0.1,cropland,6,27.85
Kano,0.12,city,58,30.412
Kano,0.12,cropland,26,27.765
Kano,0.14,city,84,30.086
Kano,0.14,cropland,31,28.124
Kano,0.16,city,64,30.05
Kano,0.16,cropland,32,28.213
Kano,0.18,city,43,29.736
Kano,0.18,cropland,76,28.321
Kano,0.2,city,66,29.85
Kano,0.2,cropland,106,28.205
Kano,0.22,city,33,29.714
Kano,0.22,cropland,90,28.07
Kano,0.24,city,46,29.45
Kano,0.24,cropland,204,28.206
Kano,0.26,city,29,29.316
Kano,0.26,cropland,248,28.185
Kano,0.28,city,18,29.85
Kano,0.28,cropland,260,28.109
Kano,0.3,city,30,29.23
Kano,0.3,cropland,525,28.128
Kano,0.32,city,23,29.646
Kano,0.32,cropland,803,28.072
Kano,0.34,city,17,29.362
Kano,0.34,cropland,683,28.122
Kano,0.36,city,26,28.758
Kano,0.36,cropland,1620,28.111
Kano,0.38,city,18,28.517
Kano,0.38,cropland,2320,28.102
Kano,0.4,city,13,28.273
Kano,0.4,cropland,2023,28.059
Kano,0.42,city,21,28.464
Kano,0.42,cropland,3683,27.95
Kano,0.44,city,22,27.895
Kano,0.44,cropland,4052,27.855
Kano,0.46,city,7,27.436
Kano,0.46,cropland,2540,27.732
Kano,0.48,city,15,27.99
Kano,0.48,cropland,3366,27.637
Kano,0.5,city,10,28.85
Kano,0.5,cropland,2832,27.537
Kano,0.52,city,13,27.904
Kano,0.52,cropland,1542,27.485
Kano,0.54,city,10,27.65
Kano,0.54,cropland,1796,27.486
Kano,0.56,city,9,27.417
Kano,0.56,cropland,1330,27.447
Kano,0.58,city,7,28.464
Kano,0.58,cropland,775,27.435
Kano,0.6,cropland,334,27.454
Kano,0.62,city,3,27.35
Kano,0.62,cropland,227,27.413
Kano,0.64,cropland,199,27.362
Kano,0.66,cropland,36,27.367
Kano,0.68,cropland,31,27.273
Kano,0.7,cropland,24,27.125
Kano,0.72,cropland,1,27.35
Kano,0.74,cropland,2,27.35
Manaus,0.0,city,2,28.55
Manaus,0.0,forest,20,27.35
Manaus,0.02,city,3,28.15
Manaus,0.02,forest,41,27.672
Manaus,0.04,city,3,28.75
Manaus,0.04,forest,28,27.993
Manaus,0.06,city,3,28.95
Manaus,0.06,forest,23,27.741
Manaus,0.08,city,16,30.575
Manaus,0.08,forest,33,28.405
Manaus,0.1,city,37,30.885
Manaus,0.1,forest,24,27.725
Manaus,0.12,city,36,31.533
Manaus,0.12,forest,18,29.417
Manaus,0.14,city,44,31.823
Manaus,0.14,forest,41,28.14
Manaus,0.16,city,45,31.923
Manaus,0.16,forest,37,28.209
Manaus,0.18,city,46,31.772
Manaus,0.18,forest,55,28.125
Manaus,0.2,city,39,31.735
Manaus,0.2,forest,57,28.224
Manaus,0.22,city,32,32.131
Manaus,0.22,forest,46,28.38
Manaus,0.24,city,30,31.75
Manaus,0.24,forest,85,28.381
Manaus,0.26,city,26,31.481
Manaus,0.26,forest,113,28.566
Manaus,0.28,city,12,31.75
Manaus,0.28,forest,79,28.474
Manaus,0.3,city,18,31.283
Manaus,0.3,forest,137,28.589
Manaus,0.32,city,12,31.7
Manaus,0.32,forest,206,28.664
Manaus,0.34,city,9,31.35
Manaus,0.34,forest,178,28.762
Manaus,0.36,city,11,31.823
Manaus,0.36,forest,337,28.858
Manaus,0.38,city,6,31.95
Manaus,0.38,forest,517,28.769
Manaus,0.4,city,3,31.15
Manaus,0.4,forest,658,28.463
Manaus,0.42,city,6,31.75
Manaus,0.42,forest,2805,28.243
Manaus,0.44,city,4,32.15
Manaus,0.44,forest,4390,28.271
Manaus,0.46,city,2,30.95
Manaus,0.46,forest,1961,28.452
Manaus,0.48,city,5,31.31
Manaus,0.48,forest,1596,28.588
Manaus,0.5,city,3,32.15
Manaus,0.5,forest,978,28.703
Manaus,0.52,city,3,30.35
Manaus,0.52,forest,948,28.72
Manaus,0.54,forest,2612,28.498
Manaus,0.56,city,2,31.25
Manaus,0.56,forest,2306,28.45
Manaus,0.58,city,1,30.35
Manaus,0.58,forest,1081,28.679
Manaus,0.6,forest,430,28.74
Manaus,0.62,forest,269,28.804
Manaus,0.64,forest,294,28.621
Manaus,0.66,forest,46,28.733
Manaus,0.68,forest,28,28.764
Manaus,0.7,city,1,30.35
Manaus,0.7,forest,26,28.873
Manaus,0.72,forest,4,26.45
Manaus,0.74,forest,4,30.2
Manaus,0.76,forest,9,28.883
Manaus,0.78,forest,5,28.19
Manaus,0.8,forest,2,28.55
Manaus,0.82,forest,7,28.121
Manaus,0.84,forest,1,27.35
Manaus,0.88,forest,1,26.75
Paris,0.0,forest,1,23.75
Paris,0.02,city,18,22.983
Paris,0.04,city,46,22.707
Paris,0.06,city,125,22.555
Paris,0.06,cropland,19,24.603
Paris,0.08,city,285,22.758
Paris,0.08,cropland,58,24.536
Paris,0.1,city,456,22.597
Paris,0.1,cropland,395,24.876
Paris,0.1,forest,13,20.242
Paris,0.12,city,574,22.637
Paris,0.12,cropland,1162,24.93
Paris,0.12,forest,6,19.75
Paris,0.14,city,835,22.78
Paris,0.14,cropland,1918,24.749
Paris,0.14,forest,31,20.479
Paris,0.16,city,907,22.524
Paris,0.16,cropland,1671,24.452
Paris,0.16,forest,20,20.42
Paris,0.18,city,1170,22.373
Paris,0.18,cropland,1812,24.289
Paris,0.18,forest,25,21.782
Paris,0.2,city,1344,22.358
Paris,0.2,cropland,1924,24.241
Paris,0.2,forest,36,21.217
Paris,0.22,city,955,22.493
Paris,0.22,cropland,1260,24.298
Paris,0.22,forest,25,20.606
Paris,0.24,city,1285,22.551
Paris,0.24,cropland,1946,24.398
Paris,0.24,forest,47,21.107
Paris,0.26,city,1041,22.374
Paris,0.26,cropland,1641,24.301
Paris,0.26,forest,65,20.999
Paris,0.28,city,560,22.221
Paris,0.28,cropland,1023,24.326
Paris,0.28,forest,47,21.031
Paris,0.3,city,719,22.299
Paris,0.3,cropland,1350,24.33
Paris,0.3,forest,108,20.611
Paris,0.32,city,506,22.322
Paris,0.32,cropland,1280,24.414
Paris,0.32,forest,176,20.559
Paris,0.34,city,283,22.359
Paris,0.34,cropland,722,24.038
Paris,0.34,forest,139,20.586
Paris,0.36,city,341,22.42
Paris,0.36,cropland,923,24.275
Paris,0.36,forest,311,20.405
Paris,0.38,city,268,22.216
Paris,0.38,cropland,837,24.115
Paris,0.38,forest,373,20.311
Paris,0.4,city,155,22.236
Paris,0.4,cropland,414,24.302
Paris,0.4,forest,283,20.158
Paris,0.42,city,179,21.953
Paris,0.42,cropland,616,23.867
Paris,0.42,forest,548,20.473
Paris,0.44,city,162,22.035
Paris,0.44,cropland,467,23.922
Paris,0.44,forest,718,20.607
Paris,0.46,city,85,21.788
Paris,0.46,cropland,266,23.978
Paris,0.46,forest,478,20.788
Paris,0.48,city,99,22.077
Paris,0.48,cropland,308,23.769
Paris,0.48,forest,799,20.731
Paris,0.5,city,85,22.331
Paris,0.5,cropland,204,23.774
Paris,0.5,forest,719,21.059
Paris,0.52,city,26,21.512
Paris,0.52,cropland,114,23.613
Paris,0.52,forest,414,21.073
Paris,0.54,city,32,21.181
Paris,0.54,cropland,115,24.053
Paris,0.54,forest,379,21.006
Paris,0.56,city,21,22.007
Paris,0.56,cropland,93,23.892
Paris,0.56,forest,235,21.197
Paris,0.58,city,19,20.371
Paris,0.58,cropland,71,24.308
Paris,0.58,forest,160,21.11
Paris,0.6,city,9,19.75
Paris,0.6,cropland,26,24.119
Paris,0.6,forest,68,21.235
Paris,0.62,city,9,21.683
Paris,0.62,cropland,20,24.47
Paris,0.62,forest,59,21.197
Paris,0.64,city,5,21.95
Paris,0.64,cropland,13,23.981
Paris,0.64,forest,63,21.531
Paris,0.66,city,2,21.05
Paris,0.66,cropland,12,24.35
Paris,0.66,forest,34,21.315
Paris,0.68,city,2,22.55
Paris,0.68,cropland,6,24.65
Paris,0.68,forest,35,22.619
Paris,0.7,city,2,23.15
Paris,0.7,cropland,8,25.175
Paris,0.7,forest,43,23.01
Paris,0.72,cropland,2,22.25
Paris,0.72,forest,12,21.8
Paris,0.74,cropland,1,19.55
Paris,0.74,forest,6,22.15
Paris,0.76,cropland,2,21.95
Paris,0.76,forest,5,22.79
Paris,0.78,cropland,1,21.35
Paris,0.82,cropland,1,23.75
Paris,0.88,cropland,1,29.15
Paris,0.96,cropland,1,28.55
