region,date,evi_bin_lo,group,n,mean_lst_c
Beijing,2024-08-12,0.1,city,3,33.55
Beijing,2024-08-12,0.12,city,25,34.118
Beijing,2024-08-12,0.14,city,85,33.696
Beijing,2024-08-12,0.16,city,134,33.672
Beijing,2024-08-12,0.18,city,177,33.538
Beijing,2024-08-12,0.2,city,195,33.121
Beijing,2024-08-12,0.22,city,220,32.764
Beijing,2024-08-12,0.24,city,247,32.426
Beijing,2024-08-12,0.26,city,251,31.985
Beijing,2024-08-12,0.26,cropland,1,30.35
Beijing,2024-08-12,0.28,city,264,31.685
Beijing,2024-08-12,0.28,cropland,6,30.45
Beijing,2024-08-12,0.3,city,256,31.505
Beijing,2024-08-12,0.3,cropland,13,31.065
Beijing,2024-08-12,0.32,city,265,31.235
Beijing,2024-08-12,0.32,cropland,29,30.205
Beijing,2024-08-12,0.34,city,251,31.047
Beijing,2024-08-12,0.34,cropland,37,30.172
Beijing,2024-08-12,0.36,city,258,30.888
Beijing,2024-08-12,0.36,cropland,60,30.045
Beijing,2024-08-12,0.38,city,252,30.692
Beijing,2024-08-12,0.38,cropland,90,30.053
Beijing,2024-08-12,0.4,city,269,30.612
Beijing,2024-08-12,0.4,cropland,124,30.002
Beijing,2024-08-12,0.42,city,211,30.423
Beijing,2024-08-12,0.42,cropland,162,29.9
Beijing,2024-08-12,0.44,city,149,30.324
Beijing,2024-08-12,0.44,cropland,203,29.777
Beijing,2024-08-12,0.46,city,121,30.231
Beijing,2024-08-12,0.46,cropland,214,29.737
Beijing,2024-08-12,0.48,city,84,30.111
Beijing,2024-08-12,0.48,cropland,233,29.653
Beijing,2024-08-12,0.5,city,58,30.102
Beijing,2024-08-12,0.5,cropland,253,29.439
Beijing,2024-08-12,0.52,city,38,30.074
Beijing,2024-08-12,0.52,cropland,229,29.374
Beijing,2024-08-12,0.54,city,15,30.23
Beijing,2024-08-12,0.54,cropland,205,29.372
Beijing,2024-08-12,0.56,city,5,30.23
Beijing,2024-08-12,0.56,cropland,208,29.205
Beijing,2024-08-12,0.58,city,5,29.75
Beijing,2024-08-12,0.58,cropland,154,29.21
Beijing,2024-08-12,0.6,city,5,30.05
Beijing,2024-08-12,0.6,cropland,126,29.195
Beijing,2024-08-12,0.62,cropland,113,29.139
Beijing,2024-08-12,0.64,cropland,75,29.014
Beijing,2024-08-12,0.66,cropland,44,28.843
Beijing,2024-08-12,0.68,cropland,20,28.985
Beijing,2024-08-12,0.7,cropland,10,29.12
Beijing,2024-08-12,0.72,cropland,6,28.65
Beijing,2024-08-12,0.74,cropland,2,28.85
Beijing,2024-08-12,0.8,cropland,1,29.45
Cairo,2024-02-02,0.04,city,101,21.154
Cairo,2024-02-02,0.06,city,258,21.372
Cairo,2024-02-02,0.08,city,177,21.272
Cairo,2024-02-02,0.1,city,87,21.157
Cairo,2024-02-02,0.12,city,86,21.047
Cairo,2024-02-02,0.14,city,51,20.838
Cairo,2024-02-02,0.14,cropland,1,20.75
Cairo,2024-02-02,0.16,city,36,21.117
Cairo,2024-02-02,0.18,city,46,20.704
Cairo,2024-02-02,0.2,city,33,20.586
Cairo,2024-02-02,0.2,cropland,1,22.55
Cairo,2024-02-02,0.22,city,28,20.643
Cairo,2024-02-02,0.22,cropland,1,21.65
Cairo,2024-02-02,0.24,city,35,20.647
Cairo,2024-02-02,0.24,cropland,5,20.21
Cairo,2024-02-02,0.26,city,30,20.44
Cairo,2024-02-02,0.26,cropland,6,20.35
Cairo,2024-02-02,0.28,city,26,20.462
Cairo,2024-02-02,0.28,cropland,9,20.117
Cairo,2024-02-02,0.3,city,16,20.263
Cairo,2024-02-02,0.3,cropland,18,20.433
Cairo,2024-02-02,0.32,city,15,20.47
Cairo,2024-02-02,0.32,cropland,30,20.19
Cairo,2024-02-02,0.34,city,11,20.123
Cairo,2024-02-02,0.34,cropland,53,20.014
Cairo,2024-02-02,0.36,city,8,20.375
Cairo,2024-02-02,0.36,cropland,66,19.927
Cairo,2024-02-02,0.38,city,4,19.775
Cairo,2024-02-02,0.38,cropland,76,19.862
Cairo,2024-02-02,0.4,city,1,19.85
Cairo,2024-02-02,0.4,cropland,92,19.667
Cairo,2024-02-02,0.42,city,2,20.0
Cairo,2024-02-02,0.42,cropland,128,19.538
Cairo,2024-02-02,0.44,city,1,18.95
Cairo,2024-02-02,0.44,cropland,123,19.421
Cairo,2024-02-02,0.46,city,3,19.15
Cairo,2024-02-02,0.46,cropland,129,19.383
Cairo,2024-02-02,0.48,cropland,141,19.239
Cairo,2024-02-02,0.5,cropland,121,19.133
Cairo,2024-02-02,0.52,cropland,131,18.897
Cairo,2024-02-02,0.54,cropland,118,18.797
Cairo,2024-02-02,0.56,cropland,92,18.784
Cairo,2024-02-02,0.58,cropland,87,18.64
Cairo,2024-02-02,0.6,cropland,71,18.646
Cairo,2024-02-02,0.62,cropland,52,18.563
Cairo,2024-02-02,0.64,cropland,19,18.508
Cairo,2024-02-02,0.66,cropland,9,18.45
Cairo,2024-02-02,0.68,cropland,2,18.35
Cairo,2024-02-02,0.7,cropland,1,18.35
Chicago,2024-07-27,0.02,city,1,30.95
Chicago,2024-07-27,0.04,city,4,31.175
Chicago,2024-07-27,0.06,city,12,32.65
Chicago,2024-07-27,0.08,city,7,32.664
Chicago,2024-07-27,0.1,city,12,31.675
Chicago,2024-07-27,0.12,city,31,33.321
Chicago,2024-07-27,0.14,city,40,33.628
Chicago,2024-07-27,0.16,city,90,33.553
Chicago,2024-07-27,0.18,city,128,33.554
Chicago,2024-07-27,0.2,city,157,33.329
Chicago,2024-07-27,0.22,city,193,33.224
Chicago,2024-07-27,0.24,city,242,32.791
Chicago,2024-07-27,0.26,city,223,32.528
Chicago,2024-07-27,0.28,city,250,32.366
Chicago,2024-07-27,0.3,city,309,31.983
Chicago,2024-07-27,0.32,city,353,31.902
Chicago,2024-07-27,0.34,city,367,31.735
Chicago,2024-07-27,0.34,cropland,2,29.9
Chicago,2024-07-27,0.36,city,351,31.463
Chicago,2024-07-27,0.36,cropland,4,30.125
Chicago,2024-07-27,0.38,city,307,31.105
Chicago,2024-07-27,0.38,cropland,3,29.65
Chicago,2024-07-27,0.4,city,304,30.818
Chicago,2024-07-27,0.4,cropland,5,29.03
Chicago,2024-07-27,0.42,city,189,30.61
Chicago,2024-07-27,0.42,cropland,4,29.45
Chicago,2024-07-27,0.44,city,140,30.168
Chicago,2024-07-27,0.44,cropland,8,29.638
Chicago,2024-07-27,0.46,city,100,29.978
Chicago,2024-07-27,0.46,cropland,8,28.738
Chicago,2024-07-27,0.48,city,75,29.906
Chicago,2024-07-27,0.48,cropland,24,28.663
Chicago,2024-07-27,0.5,city,38,29.75
Chicago,2024-07-27,0.5,cropland,16,28.419
Chicago,2024-07-27,0.52,city,27,29.628
Chicago,2024-07-27,0.52,cropland,22,27.677
Chicago,2024-07-27,0.54,city,12,28.9
Chicago,2024-07-27,0.54,cropland,30,27.72
Chicago,2024-07-27,0.56,city,6,28.5
Chicago,2024-07-27,0.56,cropland,43,27.678
Chicago,2024-07-27,0.58,city,6,30.15
Chicago,2024-07-27,0.58,cropland,43,27.58
Chicago,2024-07-27,0.6,cropland,56,27.414
Chicago,2024-07-27,0.62,cropland,57,27.166
Chicago,2024-07-27,0.64,cropland,72,27.038
Chicago,2024-07-27,0.66,cropland,73,27.087
Chicago,2024-07-27,0.68,cropland,68,27.099
Chicago,2024-07-27,0.7,cropland,52,26.767
Chicago,2024-07-27,0.72,cropland,42,27.171
Chicago,2024-07-27,0.74,cropland,19,26.592
Chicago,2024-07-27,0.76,cropland,20,26.585
Chicago,2024-07-27,0.78,cropland,11,27.05
Chicago,2024-07-27,0.8,cropland,3,26.55
Chicago,2024-07-27,0.82,cropland,1,27.35
Chicago,2024-07-27,0.86,cropland,1,27.95
Córdoba,2024-03-05,0.08,city,1,30.95
Córdoba,2024-03-05,0.1,city,1,30.95
Córdoba,2024-03-05,0.12,city,6,30.75
Córdoba,2024-03-05,0.14,city,6,30.85
Córdoba,2024-03-05,0.16,city,13,30.304
Córdoba,2024-03-05,0.18,city,22,30.541
Córdoba,2024-03-05,0.2,city,28,30.082
Córdoba,2024-03-05,0.22,city,27,30.028
Córdoba,2024-03-05,0.22,cropland,1,28.55
Córdoba,2024-03-05,0.24,city,18,29.967
Córdoba,2024-03-05,0.26,city,25,29.846
Córdoba,2024-03-05,0.26,cropland,3,27.95
Córdoba,2024-03-05,0.28,city,31,29.382
Córdoba,2024-03-05,0.28,cropland,2,28.85
Córdoba,2024-03-05,0.3,city,23,29.202
Córdoba,2024-03-05,0.3,cropland,7,28.036
Córdoba,2024-03-05,0.32,city,17,29.026
Córdoba,2024-03-05,0.32,cropland,1,26.45
Córdoba,2024-03-05,0.34,city,21,29.164
Córdoba,2024-03-05,0.34,cropland,7,28.164
Córdoba,2024-03-05,0.36,city,23,28.472
Córdoba,2024-03-05,0.36,cropland,7,27.821
Córdoba,2024-03-05,0.38,city,17,28.126
Córdoba,2024-03-05,0.38,cropland,9,27.85
Córdoba,2024-03-05,0.4,city,18,28.4
Córdoba,2024-03-05,0.4,cropland,25,27.866
Córdoba,2024-03-05,0.42,city,10,28.16
Córdoba,2024-03-05,0.42,cropland,39,27.881
Córdoba,2024-03-05,0.44,city,15,27.65
Córdoba,2024-03-05,0.44,cropland,58,27.8
Córdoba,2024-03-05,0.46,city,5,28.31
Córdoba,2024-03-05,0.46,cropland,80,27.669
Córdoba,2024-03-05,0.48,city,4,27.5
Córdoba,2024-03-05,0.48,cropland,92,27.441
Córdoba,2024-03-05,0.5,city,2,28.25
Córdoba,2024-03-05,0.5,cropland,128,27.355
Córdoba,2024-03-05,0.52,cropland,138,27.28
Córdoba,2024-03-05,0.54,city,1,29.75
Córdoba,2024-03-05,0.54,cropland,169,27.151
Córdoba,2024-03-05,0.56,cropland,215,27.05
Córdoba,2024-03-05,0.58,cropland,262,27.068
Córdoba,2024-03-05,0.6,cropland,286,26.848
Córdoba,2024-03-05,0.62,cropland,347,26.658
Córdoba,2024-03-05,0.64,city,1,27.95
Córdoba,2024-03-05,0.64,cropland,434,26.632
Córdoba,2024-03-05,0.66,cropland,479,26.59
Córdoba,2024-03-05,0.68,cropland,512,26.529
Córdoba,2024-03-05,0.7,cropland,500,26.427
Córdoba,2024-03-05,0.72,cropland,417,26.404
Córdoba,2024-03-05,0.74,cropland,379,26.412
Córdoba,2024-03-05,0.76,cropland,308,26.285
Córdoba,2024-03-05,0.78,cropland,212,26.323
Córdoba,2024-03-05,0.8,cropland,158,26.159
Córdoba,2024-03-05,0.82,cropland,111,26.326
Córdoba,2024-03-05,0.84,cropland,70,25.97
Córdoba,2024-03-05,0.86,cropland,29,25.933
Córdoba,2024-03-05,0.88,cropland,16,25.944
Córdoba,2024-03-05,0.9,cropland,7,26.321
Córdoba,2024-03-05,0.92,cropland,4,25.925
Córdoba,2024-03-05,0.96,cropland,1,25.55
Delhi,2024-08-28,0.08,city,8,31.588
Delhi,2024-08-28,0.1,city,20,31.115
Delhi,2024-08-28,0.12,city,32,31.409
Delhi,2024-08-28,0.14,city,31,31.434
Delhi,2024-08-28,0.16,city,52,31.354
Delhi,2024-08-28,0.16,cropland,2,29.15
Delhi,2024-08-28,0.18,city,53,31.567
Delhi,2024-08-28,0.2,city,59,31.194
Delhi,2024-08-28,0.2,cropland,4,29.75
Delhi,2024-08-28,0.22,city,72,31.017
Delhi,2024-08-28,0.22,cropland,11,30.241
Delhi,2024-08-28,0.24,city,76,31.234
Delhi,2024-08-28,0.24,cropland,20,30.065
Delhi,2024-08-28,0.26,city,69,31.163
Delhi,2024-08-28,0.26,cropland,42,30.343
Delhi,2024-08-28,0.28,city,64,30.448
Delhi,2024-08-28,0.28,cropland,58,30.081
Delhi,2024-08-28,0.3,city,53,30.882
Delhi,2024-08-28,0.3,cropland,68,30.125
Delhi,2024-08-28,0.32,city,49,30.283
Delhi,2024-08-28,0.32,cropland,93,30.124
Delhi,2024-08-28,0.34,city,36,30.942
Delhi,2024-08-28,0.34,cropland,119,30.118
Delhi,2024-08-28,0.36,city,34,30.509
Delhi,2024-08-28,0.36,cropland,156,30.019
Delhi,2024-08-28,0.38,city,37,30.788
Delhi,2024-08-28,0.38,cropland,193,29.944
Delhi,2024-08-28,0.4,city,33,30.705
Delhi,2024-08-28,0.4,cropland,206,29.885
Delhi,2024-08-28,0.42,city,22,30.841
Delhi,2024-08-28,0.42,cropland,279,29.778
Delhi,2024-08-28,0.44,city,26,29.773
Delhi,2024-08-28,0.44,cropland,313,29.768
Delhi,2024-08-28,0.46,city,20,30.485
Delhi,2024-08-28,0.46,cropland,351,29.767
Delhi,2024-08-28,0.48,city,9,30.283
Delhi,2024-08-28,0.48,cropland,457,29.657
Delhi,2024-08-28,0.5,city,7,30.093
Delhi,2024-08-28,0.5,cropland,485,29.606
Delhi,2024-08-28,0.52,city,3,30.45
Delhi,2024-08-28,0.52,cropland,550,29.51
Delhi,2024-08-28,0.54,city,6,29.8
Delhi,2024-08-28,0.54,cropland,573,29.46
Delhi,2024-08-28,0.56,city,4,29.375
Delhi,2024-08-28,0.56,cropland,569,29.427
Delhi,2024-08-28,0.58,city,2,29.9
Delhi,2024-08-28,0.58,cropland,523,29.392
Delhi,2024-08-28,0.6,city,1,31.55
Delhi,2024-08-28,0.6,cropland,441,29.334
Delhi,2024-08-28,0.62,cropland,340,29.346
Delhi,2024-08-28,0.64,cropland,237,29.317
Delhi,2024-08-28,0.66,cropland,131,29.358
Delhi,2024-08-28,0.68,cropland,58,29.243
Delhi,2024-08-28,0.7,cropland,36,29.242
Delhi,2024-08-28,0.72,cropland,5,29.51
Delhi,2024-08-28,0.74,cropland,2,29.3
Delhi,2024-08-28,0.76,cropland,1,28.85
Delhi,2024-08-28,0.78,cropland,1,29.45
Kano,2024-08-28,0.1,city,2,36.95
Kano,2024-08-28,0.12,city,4,35.75
Kano,2024-08-28,0.12,cropland,1,24.65
Kano,2024-08-28,0.14,city,9,35.417
Kano,2024-08-28,0.14,cropland,2,30.95
Kano,2024-08-28,0.16,city,8,35.15
Kano,2024-08-28,0.16,cropland,2,29.75
Kano,2024-08-28,0.18,city,13,35.242
Kano,2024-08-28,0.18,cropland,1,26.75
Kano,2024-08-28,0.2,city,12,35.15
Kano,2024-08-28,0.2,cropland,1,28.55
Kano,2024-08-28,0.22,city,9,35.017
Kano,2024-08-28,0.22,cropland,5,28.19
Kano,2024-08-28,0.24,city,12,34.6
Kano,2024-08-28,0.24,cropland,5,31.67
Kano,2024-08-28,0.26,city,4,35.3
Kano,2024-08-28,0.26,cropland,10,29.69
Kano,2024-08-28,0.28,city,8,33.65
Kano,2024-08-28,0.28,cropland,22,29.382
Kano,2024-08-28,0.3,city,2,33.95
Kano,2024-08-28,0.3,cropland,44,29.048
Kano,2024-08-28,0.32,city,3,33.55
Kano,2024-08-28,0.32,cropland,85,29.376
Kano,2024-08-28,0.34,city,2,33.95
Kano,2024-08-28,0.34,cropland,124,29.315
Kano,2024-08-28,0.36,city,3,33.75
Kano,2024-08-28,0.36,cropland,194,29.167
Kano,2024-08-28,0.38,city,5,30.11
Kano,2024-08-28,0.38,cropland,317,28.982
Kano,2024-08-28,0.4,city,1,34.55
Kano,2024-08-28,0.4,cropland,572,29.138
Kano,2024-08-28,0.42,cropland,678,29.121
Kano,2024-08-28,0.44,cropland,812,29.103
Kano,2024-08-28,0.46,cropland,751,28.744
Kano,2024-08-28,0.48,cropland,672,28.565
Kano,2024-08-28,0.5,cropland,520,28.117
Kano,2024-08-28,0.52,cropland,328,28.177
Kano,2024-08-28,0.54,cropland,215,28.401
Kano,2024-08-28,0.56,cropland,126,28.212
Kano,2024-08-28,0.58,cropland,64,28.353
Kano,2024-08-28,0.6,cropland,41,28.199
Kano,2024-08-28,0.62,cropland,32,28.213
Kano,2024-08-28,0.64,cropland,23,28.185
Kano,2024-08-28,0.66,cropland,8,27.875
Kano,2024-08-28,0.68,cropland,2,27.65
Paris,2024-05-08,0.04,city,2,27.35
Paris,2024-05-08,0.06,city,5,27.47
Paris,2024-05-08,0.08,city,13,27.004
Paris,2024-05-08,0.1,city,17,26.397
Paris,2024-05-08,0.12,city,13,25.85
Paris,2024-05-08,0.14,city,38,25.763
Paris,2024-05-08,0.16,city,40,25.52
Paris,2024-05-08,0.16,cropland,1,24.95
Paris,2024-05-08,0.18,city,56,25.871
Paris,2024-05-08,0.18,cropland,1,21.95
Paris,2024-05-08,0.2,city,79,25.539
Paris,2024-05-08,0.22,city,86,25.672
Paris,2024-05-08,0.22,cropland,2,22.85
Paris,2024-05-08,0.24,city,106,25.573
Paris,2024-05-08,0.24,cropland,4,20.15
Paris,2024-05-08,0.26,city,133,25.293
Paris,2024-05-08,0.26,cropland,4,18.8
Paris,2024-05-08,0.28,city,169,25.115
Paris,2024-05-08,0.28,cropland,11,19.523
Paris,2024-05-08,0.3,city,201,25.086
Paris,2024-05-08,0.3,cropland,13,20.058
Paris,2024-05-08,0.32,city,201,24.475
Paris,2024-05-08,0.32,cropland,28,20.204
Paris,2024-05-08,0.34,city,189,24.082
Paris,2024-05-08,0.34,cropland,37,20.458
Paris,2024-05-08,0.36,city,204,23.893
Paris,2024-05-08,0.36,cropland,53,20.161
Paris,2024-05-08,0.38,city,182,23.699
Paris,2024-05-08,0.38,cropland,80,20.263
Paris,2024-05-08,0.4,city,182,23.414
Paris,2024-05-08,0.4,cropland,107,20.071
Paris,2024-05-08,0.42,city,133,23.026
Paris,2024-05-08,0.42,cropland,136,19.691
Paris,2024-05-08,0.44,city,135,22.926
Paris,2024-05-08,0.44,cropland,155,19.825
Paris,2024-05-08,0.46,city,109,22.922
Paris,2024-05-08,0.46,cropland,207,19.798
Paris,2024-05-08,0.48,city,69,22.585
Paris,2024-05-08,0.48,cropland,214,19.459
Paris,2024-05-08,0.5,city,78,22.681
Paris,2024-05-08,0.5,cropland,281,19.39
Paris,2024-05-08,0.52,city,40,23.083
Paris,2024-05-08,0.52,cropland,291,19.454
Paris,2024-05-08,0.54,city,47,22.033
Paris,2024-05-08,0.54,cropland,316,19.535
Paris,2024-05-08,0.56,city,31,21.553
Paris,2024-05-08,0.56,cropland,339,19.319
Paris,2024-05-08,0.58,city,19,22.424
Paris,2024-05-08,0.58,cropland,352,19.311
Paris,2024-05-08,0.6,city,14,22.036
Paris,2024-05-08,0.6,cropland,322,19.259
Paris,2024-05-08,0.62,city,7,22.464
Paris,2024-05-08,0.62,cropland,284,19.219
Paris,2024-05-08,0.64,city,7,19.979
Paris,2024-05-08,0.64,cropland,309,19.305
Paris,2024-05-08,0.66,city,2,20.6
Paris,2024-05-08,0.66,cropland,264,19.172
Paris,2024-05-08,0.68,city,5,22.37
Paris,2024-05-08,0.68,cropland,243,19.286
Paris,2024-05-08,0.7,city,2,22.1
Paris,2024-05-08,0.7,cropland,196,19.236
Paris,2024-05-08,0.72,city,1,22.55
Paris,2024-05-08,0.72,cropland,127,19.207
Paris,2024-05-08,0.74,cropland,104,19.259
Paris,2024-05-08,0.76,cropland,81,19.172
Paris,2024-05-08,0.78,cropland,74,19.315
Paris,2024-05-08,0.8,cropland,35,19.139
Paris,2024-05-08,0.82,cropland,20,19.31
Paris,2024-05-08,0.84,cropland,18,19.25
Paris,2024-05-08,0.86,cropland,6,18.6
Paris,2024-05-08,0.88,cropland,3,19.15
Paris,2024-05-08,0.9,cropland,2,18.95
Paris,2024-05-08,0.92,cropland,1,18.35
