job	group	species	ours_tss	circles_tss	held_out_records
5180	Aves	Buteo albigula	0.7647	0.9464	497
5180	Aves	Passer ammodendri	0.9056	0.9970	500
5180	Aves	Circaetus gallicus	0.8276	0.7481	499
5180	Aves	Corvinella corvina	0.6301	0.9931	489
5180	Aves	Merops americanus	0.2709	0.9987	467
5180	Aves	Tetrastes bonasia	0.7684	0.7638	500
5180	Aves	Lybius leucocephalus	0.3796	0.9921	483
5180	Aves	Pericrocotus igneus	0.8482	0.9858	474
5180	Aves	Zosterops xanthochroa	0.0280	0.3840	500
5180	Aves	Lophoceros fasciatus	0.8664	0.9920	480
5180	Aves	Enicurus leschenaulti	0.8236	0.9435	480
5180	Aves	Laniarius barbarus	0.3996	0.9978	479
5180	Aves	Cardinalis sinuatus	0.8150	0.7554	500
5180	Aves	Psilopsiagon aurifrons	0.3272	0.9840	476
5180	Aves	Hypocnemis peruviana	0.6442	0.9756	500
5180	Aves	Aviceda subcristata	0.6990	0.9620	499
5180	Aves	Numenius madagascariensis	0.8866	0.9402	500
5180	Aves	Threskiornis aethiopicus	0.8155	0.7858	499
5180	Aves	Gypohierax angolensis	0.7700	0.9730	500
5180	Aves	Falco eleonorae	0.7436	0.8040	495
5180	Aves	Columba oenas	0.6924	0.8424	498
5180	Aves	Apalis flavida	0.1984	0.9749	498
5180	Aves	Anthus caffer	0.5853	0.8375	500
5180	Aves	Lophospingus pusillus	0.8348	0.9929	500
5180	Aves	Oriolus auratus	0.7910	0.9732	499
5180	Aves	Calothorax pulcher	0.0275	0.1435	500
5180	Aves	Hydrobates monorhis	0.7382	0.6187	497
5180	Aves	Calidris himantopus	0.3132	0.3611	499
5180	Aves	Hylophylax naevius	0.8910	0.9656	468
5180	Aves	Merops cyanophrys	0.8119	0.9967	483
5183	Mammalia	Mephitis macroura	0.8364	0.9316	500
5183	Mammalia	Cyclopes didactylus	0.8325	0.9228	129
5183	Mammalia	Lonchorhina aurita	0.6570	0.9456	500
5183	Mammalia	Cratogeomys castanops	0.6648	0.8810	500
5183	Mammalia	Sciurus igniventris	0.7245	0.9671	141
5183	Mammalia	Pteropus seychellensis	0.0000	0.6677	322
5183	Mammalia	Glossophaga mutica	0.8960	0.9335	484
5183	Mammalia	Bos gaurus	0.9472	0.9474	500
5183	Mammalia	Mustela erminea	0.4115	0.3837	483
5183	Mammalia	Ochotona alpina	0.8123	0.8277	64
5183	Mammalia	Ursus arctos	0.6530	0.4042	500
5183	Mammalia	Aotus lemurinus	0.2805	0.7850	133
5183	Mammalia	Macaca fuscata	0.0060	0.1054	500
5183	Mammalia	Choloepus didactylus	0.8691	0.3838	206
5183	Mammalia	Mustela furo	0.5852	0.1674	500
5183	Mammalia	Miniopterus fuliginosus	0.6861	0.6664	384
5183	Mammalia	Erinaceus roumanicus	0.8386	0.5868	500
5183	Mammalia	Euphractus sexcinctus	0.8590	0.4736	473
5183	Mammalia	Smutsia gigantea	0.7601	0.9209	30
5183	Mammalia	Rhinophylla pumilio	0.8968	0.9746	500
5183	Mammalia	Otonyctomys hatti	0.0000	0.1895	72
5183	Mammalia	Choeronycteris mexicana	0.8334	0.9372	500
5183	Mammalia	Conepatus chinga	0.8412	0.8242	500
5183	Mammalia	Arborimus pomo	0.0000	0.0187	427
5183	Mammalia	Talpa occidentalis	0.8280	0.6327	500
5183	Mammalia	Balaenoptera brydei	0.8186	0.3794	500
5183	Mammalia	Tamandua mexicana	0.9084	0.9558	500
5183	Mammalia	Cercopithecus nictitans	0.8686	0.9400	237
5183	Mammalia	Otospermophilus variegatus	0.6175	0.9154	219
5183	Amphibia	Hyla chinensis	0.2664	0.5919	500
5183	Amphibia	Uperoleia rugosa	0.8692	0.8708	500
5183	Amphibia	Anomaloglossus beebei	0.0227	0.2832	88
5183	Amphibia	Pristimantis cruentus	0.5105	0.9654	500
5183	Amphibia	Salamandra lanzai	-0.0009	-0.0011	500
5183	Amphibia	Plethodon dunni	0.0080	0.0340	500
5183	Amphibia	Taricha sierrae	0.4685	0.6859	500
5183	Amphibia	Barycholos ternetzi	0.8587	0.8979	385
5183	Amphibia	Acris gryllus	0.6718	0.8581	443
5183	Amphibia	Philautus hosii	0.0000	0.0000	41
5183	Amphibia	Scinax boesemani	0.8790	0.9818	335
5183	Amphibia	Trachycephalus coriaceus	0.6001	0.9556	160
5183	Amphibia	Arthroleptis stenodactylus	0.8241	0.7618	488
5183	Amphibia	Pelodytes punctatus	0.6023	0.5606	478
5183	Amphibia	Lithobates berlandieri	0.8789	0.9090	448
5183	Amphibia	Uperodon systoma	0.6771	0.9174	62
5183	Amphibia	Osteocephalus castaneicola	0.8579	0.8741	60
5183	Amphibia	Pelophylax fukienensis	0.0000	0.0000	113
5183	Amphibia	Rana longicrus	0.5660	0.9889	270
5183	Amphibia	Hylarana signata	0.3658	0.4938	46
5183	Amphibia	Microhyla rubra	0.5527	0.9823	54
5183	Amphibia	Hyla savignyi	0.8019	0.8428	419
5183	Amphibia	Rana arvalis	0.8351	0.6108	470
5183	Amphibia	Breviceps rosei	0.0000	0.3023	43
